combo,title,text
fool|magician|high-priestess,"Before You Know It","The Fool in the Embrace position asks you to honor the aliveness of not yet knowing — the place before the plan hardens, before you've decided what something means. There is power in that openness that more experienced parts of you have learned to distrust. The Magician in Release asks you to stop performing capability. You don't have to demonstrate your competence today; you don't have to make it look effortless. The High Priestess arrives as today's message with a different kind of intelligence: the answer you're looking for is not in another framework or external validation — it's in the quiet thing you already sense but haven't said aloud. This reading points toward trust as a practice. What do you know before you know it?"
fool|magician|empress,"Something Wants to Grow","The Fool in the Embrace position asks you to let yourself be new at this — whatever this is. The beginner's discomfort is not a sign you're wrong; it's a sign you're in it. The Magician in Release asks you to loosen the grip on controlling the outcome. You have the tools; you don't have to wield them so tightly. The Empress arrives as today's message: something generative is available right now — a creative energy, a soft abundance, a readiness in the material world to receive what you plant. The shape of this reading is about release into growth. Stop managing the process and let something actually take root."
fool|magician|emperor,"Leap, Then Build","The Fool in the Embrace position asks you to take the step you've been delaying because the structure isn't in place yet. The structure was never going to come first. The Magician in Release asks you to let go of the belief that you need to orchestrate every element before you begin — you're using preparation as a form of protection. The Emperor arrives as today's message: the framework will come, and you are capable of building it, but only after you've committed to the direction. This reading is about the order of things. The leap precedes the landing; the landing teaches you where to build."
fool|magician|hierophant,"Which Rules Are Yours","The Fool in the Embrace position asks you to hold onto the irreverence — the part of you that hasn't yet decided to comply with everything that's expected. That freshness is not immaturity. The Magician in Release asks you to stop using skillfulness as a way to fit in — your capabilities are not for impressing institutions. The Hierophant arrives as today's message with a real question: which of the traditions you've inherited actually belong to you, and which are just gravity? This reading is about conscious choosing. You are allowed to keep what serves you and put down what doesn't — but you have to look at both clearly first."
fool|magician|lovers,"The Choice Beneath the Choice","The Fool in the Embrace position asks you to stay in the place of genuine possibility — where neither option has foreclosed yet. That aliveness is real and worth inhabiting. The Magician in Release asks you to stop trying to logic your way into certainty. The spreadsheet is done; the case has been made; the analysis has given you everything it can. The Lovers arrives as today's message with the question that remains: what do you actually want? Not what makes sense, not what you can defend — what do you want? This reading asks you to locate your own desire and let it inform the decision, not just witness it from the sidelines."
fool|magician|chariot,"Trust the Momentum","The Fool in the Embrace position asks you to hold the excitement of motion — the feeling of being in movement before you've decided where exactly you're going. That energy is not recklessness. The Magician in Release asks you to stop rehearsing the plan and actually execute it. You have been ready for longer than you've admitted. The Chariot arrives as today's message with a single instruction: move. Not carefully, not with all the contingencies mapped — just move, with intention and confidence, in the direction you've already identified. This is the reading of someone who has prepared and is now being asked to trust what the preparation built."
fool|magician|strength,"Gentle and Capable","The Fool in the Embrace position asks you to come to this moment without the accumulated armor — the practiced confidence, the protective irony, the performance of having it together. Just show up. The Magician in Release asks you to stop demonstrating competence as a defense mechanism. Strength arrives as today's message with its characteristic patience: the real power available to you right now is not force but presence — the steady, quiet kind that doesn't need to announce itself. This reading is about dropping the performance without losing the capability. You are enough without the display."
fool|magician|hermit,"Your Own Light","The Fool in the Embrace position asks you to remember what it felt like to want something purely, before you learned to want the right things. That original desire is not gone. The Magician in Release asks you to stop broadcasting and go quiet for a moment — the outward performance of capability is exhausting resources you need. The Hermit arrives as today's message: not as isolation, but as the invitation to take your lantern and go inward. What do you know when there's no audience? What becomes clear when you stop explaining yourself? This reading asks you to trust your own light over borrowed certainty."
fool|magician|wheel,"Into the Turn","The Fool in the Embrace position asks you to receive the turn of fortune from a place of openness rather than bracing. Something is shifting and you didn't cause it — you can either grip or flow. The Magician in Release asks you to let go of the illusion that you can engineer every outcome. Some of this is simply the wheel, and your tools don't change that. Wheel of Fortune arrives as today's message: cycles complete themselves, and this one is completing. The reading asks you to step into the new position the wheel is offering without trying to climb back to where you were. Where you're landing is the point."
fool|magician|justice,"Act with Precision","The Fool in the Embrace position asks you to approach this situation with beginner's eyes — without the assumptions about how it usually goes or how it went last time. The Magician in Release asks you to let go of the score you've been keeping. The accounting of who owes what is preventing you from seeing clearly. Justice arrives as today's message with something colder and more clarifying than fairness: it offers the truth. What is actually true in this situation, stripped of narrative? This reading asks you to act from that truth rather than from the story you've been telling about it."
fool|magician|hanged-man,"The Gift of the Pause","The Fool in the Embrace position asks you to be willing not to know — to let the new beginning be genuinely new rather than a version of what you've done before. The Magician in Release asks you to stop trying to activate everything at once. The wand, the cup, the sword, the coin — you don't have to deploy all of them today. The Hanged Man arrives as today's message: the suspension is not a failure of momentum, it's a repositioning. Something looks entirely different from upside down. Let the pause give you the angle it's trying to give you before you climb back to vertical."
fool|magician|death,"Let It End Well","The Fool in the Embrace position asks you to let yourself be at the beginning — to resist the pull to already know where this goes. The Magician in Release asks you to stop trying to revive what has already completed itself. The tools you're reaching for can't fix what's actually ending. Death arrives as today's message not as loss but as permission: something is finishing, and the finishing is necessary. The reading asks you to let it end with dignity rather than fighting it into a shape it's no longer willing to hold. What completes today makes room for what the Fool is carrying."
fool|magician|temperance,"The Right Mix","The Fool in the Embrace position asks you to stay curious about what this particular combination might create — don't foreclose the experiment before it runs. The Magician in Release asks you to stop insisting on using your tools the way you've always used them. Temperance arrives as today's message with its quiet alchemy: the invitation to blend, to adjust, to find the ratio that actually works rather than the one that's most familiar. This reading is about the creative act of integration. Something new is possible here — not by acquiring more, but by learning to mix what you already have differently."
fool|magician|devil,"What's Holding You","The Fool in the Embrace position asks you to notice the fresh energy available — the place in you that hasn't yet accepted the limitations as permanent. That part is right. The Magician in Release asks you to stop using skill and productivity as a way to avoid facing what's actually keeping you small. The Devil arrives as today's message with its uncomfortable question: what are you attached to that is costing you more than you've admitted? Not a moral judgment — just a look. This reading asks you to turn toward what you've been performing around, and ask whether the chain is as fixed as it looks."
fool|magician|tower,"Useful Disruption","The Fool in the Embrace position asks you to approach the disruption with a beginner's openness — before the grief of what's being lost sets in, there is a moment of strange freedom. The Magician in Release asks you to stop trying to use your existing toolkit to rebuild the structure that just fell. The Tower arrives as today's message — not as punishment but as clearing. The thing that fell was blocking something. This reading asks you to resist the reflex to immediately reconstruct and instead ask what becomes visible now that the structure is gone. Build something truer."
fool|magician|star,"Beginning in Hope","The Fool in the Embrace position asks you to meet this beginning with trust — the unguarded, unprotected kind that your experience has made harder to access. It's worth accessing. The Magician in Release asks you to stop treating hope as something to be earned through suffering first. The Star arrives as today's message: quietly, persistently, without fanfare — it says something worth believing in is available. This is the reading of someone standing at the beginning of something real. The tools are in your hands. The hope is warranted. The step is yours to take."
fool|magician|moon,"Into the Uncertain","The Fool in the Embrace position asks you to be comfortable at the edge — to let the not-knowing be interesting rather than threatening. You don't need to see the whole map. The Magician in Release asks you to stop using activity as a way to manage the anxiety of uncertainty. More doing will not resolve the fog. The Moon arrives as today's message: some things are supposed to be murky right now. The moonlit stretch ahead is real even if you can only see the next few feet. This reading asks you to keep walking without demanding daylight — the clarity will come, but not on your schedule."
fool|magician|sun,"Open and Bright","The Fool in the Embrace position asks you to let yourself be delighted — to meet the new beginning with genuine joy rather than the managed optimism you've learned to substitute for it. The Magician in Release asks you to stop performing confidence and actually feel the warmth that's available. The Sun arrives as today's message in the most uncomplicated form it takes: things are actually going well. You are allowed to receive that. This reading has no hidden catch, no shadow lesson — it asks you to absorb the light that's here and let it be enough."
fool|magician|judgement,"Answer the Call","The Fool in the Embrace position asks you to honor the readiness you feel — the sense of standing at a threshold that is genuinely new. The Magician in Release asks you to stop auditing your qualifications. You have been circling the decision long enough. Judgement arrives as today's message with the sound of the call you've been hearing: it's time to rise into the larger version of yourself, not because you've proven you're ready but because it's simply time. This reading asks one thing: answer. The Fool takes the step; the Magician has the tools; Judgement says the moment is now."
fool|magician|world,"Arrive and Begin Again","The Fool in the Embrace position asks you to hold the paradox: you are at a beginning and at a completion simultaneously. Both are true. The Magician in Release asks you to stop proving what you've already proven — that chapter is genuinely done. The World arrives as today's message as a rare and real completion: something has been fully expressed, brought to its natural end. This reading asks you to let yourself arrive before the next step begins. Receive the completion. Let it register. The Fool will still be there when you're ready, waiting with the new beginning — but the World asks for a moment of real acknowledgment first."
fool|magician|ace-cups,"Room for Something Tender","The Fool in the Embrace position asks you to come to the new beginning without the emotional armor — the protections that have served you well and are no longer needed in the same way. The Magician in Release asks you to put down the performance of having it together emotionally. The Ace of Cups arrives as today's message: an emotional beginning, an opening, a cup being extended in your direction. The reading is asking whether you're willing to receive it — not perfectly, not without ambivalence, but genuinely. Something tender is being offered. Let yourself be moved."
fool|magician|five-pents,"From Lack Toward Learning","The Fool in the Embrace position asks you to approach what has been difficult with genuine freshness — not the hardened acceptance of someone who's been through it, but the real curiosity about what this moment has in it. The Magician in Release asks you to stop treating scarcity as a permanent condition that defines your relationship with resources. Five of Pentacles arrives as today's message: the hardship has been real, but you are not required to live inside the story of it forever. This reading is about the gap between what you've endured and what you're still carrying by choice. Some of the weight can go."
fool|magician|ten-wands,"Put Some of It Down","The Fool in the Embrace position asks you to notice what lightness still exists — the place in you that hasn't yet agreed to carry everything that's been handed to you. The Magician in Release asks you to stop using competence as a reason to take on more. Just because you can doesn't mean you should. Ten of Wands arrives as today's message: you are carrying a great deal, and that is real and visible. The invitation is not to abandon the load but to look at it honestly and identify what isn't actually yours. Set that part down. Begin again with only what belongs to you."
fool|magician|three-swords,"Grief as Initiation","The Fool in the Embrace position asks you to let this be a beginning even if it doesn't feel like one — even if what you're standing in looks more like wreckage than a starting line. The Magician in Release asks you to stop trying to think your way out of the grief. Your tools are real, but they don't fix this particular thing. Three of Swords arrives as today's message with its honest weight: something hurt. That's real. The reading asks you to let the hurt be real without letting it become the whole story. Pain is an initiation. You are being changed by this, not just damaged by it."
fool|magician|page-wands,"The Spark Is Enough","The Fool in the Embrace position asks you to let the excitement be unpolished — the rough, directional energy of something new doesn't need to be presentable yet. The Magician in Release asks you to stop waiting for the vision to be fully formed before you act on it. Page of Wands arrives as today's message as pure creative ignition: the spark that doesn't yet know what it's going to become. This reading asks you to honor that and move from it. You don't need the whole fire. The spark is enough to take the first step, and the first step is all that's being asked of you."
fool|magician|queen-cups,"Know What You Feel","The Fool in the Embrace position asks you to come to this with emotional openness — the willingness to be affected, surprised, moved. The Magician in Release asks you to stop using cleverness as a way to avoid feeling. Queen of Cups arrives as today's message with a different kind of intelligence: not analysis, not strategy, but deep emotional attunement. What do you actually feel about this? Not what you should feel, not what the story says you feel — what is actually moving in you right now? This reading asks you to trust that information as real data and act from it."
fool|magician|knight-swords,"Move, But Don't Miss","The Fool in the Embrace position asks you to hold the freshness — to move through this as if it's genuinely new rather than a version of something you've already mapped. The Magician in Release asks you to stop treating speed as a virtue in itself. Knight of Swords arrives as today's message: the clarity and momentum are real assets, and you should use them — but not at the cost of the thing you're moving toward. This reading asks you to keep the speed without sacrificing the nuance. Take one breath before the charge. The direction is right; just make sure you see what's there."
fool|magician|king-pents,"Build Something Real","The Fool in the Embrace position asks you to bring the beginner's mind to the material world — to approach what you're building as if it could be built differently, better, in a new way. The Magician in Release asks you to stop confusing capability with security. You don't have to prove your worth through production today. King of Pentacles arrives as today's message as steadiness and mastery: the quiet confidence of someone who has built something that lasts. This reading asks you to aim for that quality of solidity. Not flash, not speed — something that will still be standing in ten years."
fool|magician|two-wands,"The Horizon Is Real","The Fool in the Embrace position asks you to stay in the excitement of possibility — the place before you've committed to a direction, where everything still feels open. That openness has its own value. The Magician in Release asks you to stop over-preparing for the trip you haven't taken yet. Two of Wands arrives as today's message: the world is wide, the horizon is real, and you have the vision to see what's possible from here. This reading asks you to stop staring at the map and look up. The distance you're imagining covering is achievable. Pick a direction and face it."
fool|magician|six-cups,"The Uncomplicated Good","The Fool in the Embrace position asks you to let yourself be simple today — to want what you actually want rather than what you've decided you should want. The Magician in Release asks you to put down the orchestration. Not everything needs to be assembled with precision. Six of Cups arrives as today's message with a warmth that doesn't require justification: something genuinely good is available right now, something warm and uncomplicated. This reading asks you to receive it without analyzing it. Joy that doesn't need to be earned is still real joy. Let it in."
fool|high-priestess|empress,"Trust What Grows","The Fool in the Embrace position asks you to stay at the threshold of not-knowing — to resist the urge to decide what this means before you've let it become what it is. The High Priestess in Release asks you to stop holding your intuition hostage to proof. You have been right before without being able to explain it, and this is one of those times. The Empress arrives as today's message with a quiet abundance: something is ready to grow, and it doesn't require your analysis — it requires your tending. This reading asks you to trust what you know and give it the conditions it needs. Step back and let it come."
fool|high-priestess|emperor,"Knowing Before Building","The Fool in the Embrace position asks you to honor the raw potential of this beginning — the openness that hasn't yet been shaped into anything. The High Priestess in Release asks you to stop demanding proof from your instincts. The quiet knowing is real and it came first, before the reasoning. The Emperor arrives as today's message: once you've listened to what you know, build accordingly. Structure serves intuition here, not the other way around. This reading is about the right order — sense first, then shape. You already know the direction; what remains is to build the road."
fool|high-priestess|hierophant,"Which Wisdom Is Yours","The Fool in the Embrace position asks you to come to received wisdom as if you're hearing it for the first time — to let the old teachings be genuinely new, not just familiar. The High Priestess in Release asks you to stop outsourcing your knowing to teachers, texts, or traditions. You have internalized enough. The Hierophant arrives as today's message with a real distinction: some of what you were taught is true, and some of it is just old. You are capable of knowing the difference. This reading asks you to hold tradition and your own inner authority in both hands and feel the weight of each."
fool|high-priestess|lovers,"Feel Before You Choose","The Fool in the Embrace position asks you to stay in the openness before the choice closes off — where both options are still alive and neither has been foreclosed. The High Priestess in Release asks you to stop looking for external signs that will make the decision for you. The Lovers arrives as today's message: this is a choice that belongs to you, and the part of you that knows the answer is not the reasoning mind — it's the quieter thing beneath it. This reading asks you to feel your way toward the decision rather than think your way there. What does your body already know?"
fool|high-priestess|chariot,"Moved by Knowing","The Fool in the Embrace position asks you to stay open to the direction that emerges rather than the direction you planned for. The High Priestess in Release asks you to stop waiting for complete information before you move. The full picture is not coming first. The Chariot arrives as today's message: you have enough — enough knowing, enough clarity, enough readiness. The movement that's being asked of you is powered by trust in what you already sense rather than certainty about what you can see. This reading asks you to drive from that place. The knowing is enough. Move."
fool|high-priestess|strength,"Quiet Is Power","The Fool in the Embrace position asks you to show up without the performance — the pure willingness to be present before anything is proven. The High Priestess in Release asks you to stop mistaking silence for uncertainty. What you know quietly is not less than what you know loudly. Strength arrives as today's message with its characteristic patience: the power that's available here is not the kind that announces itself. It's the kind that holds a difficult thing with gentleness until the difficult thing softens. This reading asks you to trust the undemonstrated strength you carry. It is real and it is enough."
fool|high-priestess|hermit,"The Inner Map","The Fool in the Embrace position asks you to let the new beginning be genuinely unmapped — to resist the urge to overlay someone else's navigation on your own territory. The High Priestess in Release asks you to stop consulting everyone else about a decision that only you can make. The Hermit arrives as today's message: take the lantern, go inward, and draw your own map. The answers you've been seeking in other people's wisdom are available in your own stillness. This reading asks you to make space for that — not permanently, not as withdrawal, but as the necessary act of going to the only source that knows your specific terrain."
fool|high-priestess|wheel,"Trusting the Turn","The Fool in the Embrace position asks you to hold the transition with wonder rather than anxiety — to let the change feel like possibility. The High Priestess in Release asks you to stop trying to intellectually predict the next turn. The knowing you carry is not prophetic; it's present-tense. Wheel of Fortune arrives as today's message: the cycle is turning and you are not outside of it. What you've been sensing about the change is more accurate than the story you've been telling about it. This reading asks you to trust the felt sense of the shift and stop second-guessing what you already know."
fool|high-priestess|justice,"What You Know to Be True","The Fool in the Embrace position asks you to approach the situation as if you haven't already decided how it ends. Something in you may have pre-judged. The High Priestess in Release asks you to stop waiting for permission to act on what you know. You have been right. Justice arrives as today's message with clarity: you are not being asked to weigh all sides indefinitely — you are being asked to name what is true and act accordingly. This reading is about the integrity that comes from aligning your actions with your knowing. You have the information. The question is whether you're willing to use it."
fool|high-priestess|hanged-man,"Willing to Wait","The Fool in the Embrace position asks you to approach the suspension without framing it as failure — to let not-moving feel like openness rather than stagnation. The High Priestess in Release asks you to stop demanding that your inner knowing produce an answer on demand. Some things reveal themselves on their own schedule. The Hanged Man arrives as today's message: the pause is purposeful. Something you cannot see from your current angle will become visible if you stop trying to climb back to upright. This reading asks you to let the waiting be generative — not empty time, but the time something needs to finish forming."
fool|high-priestess|death,"Something True Ending","The Fool in the Embrace position asks you to hold the openness — to let this ending be the beginning it actually is, even while it feels like loss. The High Priestess in Release asks you to stop keeping the ending alive through analysis. You cannot think your way into a different outcome here. Death arrives as today's message as completion: something real is finishing, and the quiet thing you've known for a while is right. This reading asks you to let what has completed itself complete. The next beginning is waiting. The door opens when you stop holding the old one."
fool|high-priestess|temperance,"The Art of Mixing","The Fool in the Embrace position asks you to approach the integration with genuine curiosity — without deciding in advance which ingredients should dominate. The High Priestess in Release asks you to stop withholding what you know from the mixing. Your intuition is one of the ingredients here, and the blend won't work without it. Temperance arrives as today's message with its alchemical patience: the right combination is possible, but it requires honest participation from every part of you. This reading asks you to bring what you know and what you feel to the table simultaneously. What gets made when neither suppresses the other?"
fool|high-priestess|devil,"Name the Attachment","The Fool in the Embrace position asks you to approach what is binding you with fresh eyes — to look at the chain as if you've never normalized it. The High Priestess in Release asks you to stop using mystery as a cover for avoidance. You know what this is. You've known for a while. The Devil arrives as today's message not as condemnation but as recognition: the attachment you've been working around is visible if you're willing to look. This reading asks you to name it clearly, which is the first and most important step. Naming is not the same as solving. But it's the step before."
fool|high-priestess|tower,"What the Clearing Reveals","The Fool in the Embrace position asks you to meet the disruption from the place of genuine openness — to let what's falling be interesting rather than just catastrophic. The High Priestess in Release asks you to stop using intuition to predict the fall and instead let it show you what's underneath. The Tower arrives as today's message: the structure fell, and now you can see what it was concealing. That information is what this moment is actually for. This reading asks you to pay attention to what becomes visible in the clearing — not to grieve what fell, but to understand what was hidden beneath it."
fool|high-priestess|star,"Trust the Quiet Signal","The Fool in the Embrace position asks you to approach hope as a practice rather than a conclusion — to let yourself be hopeful before there's proof. The High Priestess in Release asks you to stop requiring external confirmation for what you already feel is true. The Star arrives as today's message with its steadiness: a quiet, persistent signal that something worth moving toward is real. This reading asks you to trust that signal — the small, consistent sense of rightness that doesn't announce itself loudly. It's not louder because it's truer. Follow it."
fool|high-priestess|moon,"Sit With the Murk","The Fool in the Embrace position asks you to let the new beginning be genuinely unclear — to resist the urge to make it certain before it is. The High Priestess in Release asks you to stop treating the uncertainty as a problem to be solved with more thinking. The Moon arrives as today's message: you are in the fog, and the fog is appropriate to this moment. What you need will not be delivered by analysis. This reading asks you to stay in the murk a little longer without trying to decode it. Something is forming that needs the dark to complete itself. It will be clearer in the morning."
fool|high-priestess|sun,"What You Know in the Light","The Fool in the Embrace position asks you to let yourself be genuinely delighted — to meet the warmth without bracing for when it ends. The High Priestess in Release asks you to stop withholding trust from what is openly good. Clarity does not need to be suspicious. The Sun arrives as today's message: things are clear and warm and genuinely fine. The reading asks you to absorb that without layering it with complexity. Sometimes what you know is simply: today is good. That's the whole message. You're allowed to receive it without a footnote."
fool|high-priestess|judgement,"The Call You've Heard","The Fool in the Embrace position asks you to stand at the edge again — to approach the leap as if it's new, without the weight of all the times you've almost taken it. The High Priestess in Release asks you to stop waiting for certainty before you answer the call. You already know. Judgement arrives as today's message with the sound you've been hearing and have been slow to acknowledge: the call to become more fully yourself, to take the step that the quiet knowing has been pointing toward. This reading asks you to answer it. The readiness is not going to feel the way you expect. Answer anyway."
fool|high-priestess|world,"The Knowing and the Arrival","The Fool in the Embrace position asks you to honor the beginning — the raw, open potential of what hasn't been formed yet. The High Priestess in Release asks you to let what you know rest rather than carrying it actively. You don't have to hold the knowing so tightly. The World arrives as today's message as something genuinely complete — a cycle that has expressed itself fully, a thing that has arrived. This reading asks you to hold both: the completion that is here and the beginning that is also here. They are not in conflict. The knowing in you has led you to an arrival. Let it land."
fool|high-priestess|ace-cups,"Room for the Feeling","The Fool in the Embrace position asks you to approach the new beginning without emotional armor — to let it actually affect you. The High Priestess in Release asks you to stop keeping what you feel at a distance through analysis. You know what you feel; you've just been slow to admit it. Ace of Cups arrives as today's message: an opening, an offering, a door into something emotionally real. This reading asks you to step through it — not cautiously, not with conditions — but with the openness of someone who knows that letting things in is not the same as losing control of them."
fool|high-priestess|five-pents,"What Hardship Taught You","The Fool in the Embrace position asks you to approach the difficulty with fresh eyes — to see what it has made possible rather than only what it has taken. The High Priestess in Release asks you to stop carrying the scarcity narrative as if it defines what's available to you now. Five of Pentacles arrives as today's message: the hardship is real and so is what it built in you. The wisdom you carry from it is worth more than the suffering that produced it. This reading asks you to separate what you learned from what you endured — to keep one and begin to release the other."
fool|high-priestess|ten-wands,"What Is Actually Yours","The Fool in the Embrace position asks you to notice what you're picking up simply because it's in your path — not because it belongs to you. The High Priestess in Release asks you to stop using busyness to avoid sitting with what you know. Ten of Wands arrives as today's message with a practical question: which of what you're carrying is actually yours? This reading is about the clarity that comes from honest inventory. Some of it was handed to you. Some of it you claimed without asking whether it served you. Put down what isn't yours and begin again with only what is."
fool|high-priestess|three-swords,"Let the Hurt Be Real","The Fool in the Embrace position asks you to be vulnerable with this — to approach the pain without the ironic distance that makes it manageable but keeps it unresolved. The High Priestess in Release asks you to stop trying to understand the hurt rather than feel it. Three of Swords arrives as today's message: the grief is real and it matters, not as a problem to be solved but as evidence of what mattered to you. This reading asks you to let the hurt be real enough to pass through you, rather than containing it so carefully it never moves. Let it hurt in the right way. That's how it ends."
fool|high-priestess|page-wands,"Trust the Spark","The Fool in the Embrace position asks you to honor the excitement of what you don't yet know how to do — the creative energy that precedes competence is not a liability. The High Priestess in Release asks you to stop letting the unknown future extinguish the present spark. Page of Wands arrives as today's message as creative ignition: the thing you're being called to make or begin doesn't require full knowledge. It requires the willingness to start from the energy of it. This reading asks you to trust the spark before the fire. The fire comes from tending the spark."
fool|high-priestess|queen-cups,"Feel It and Know It","The Fool in the Embrace position asks you to come in without defenses — to approach what's emotionally true without the filters you've learned to apply to it. The High Priestess in Release asks you to stop dividing knowing from feeling as if they're in competition. Queen of Cups arrives as today's message with emotional intelligence that operates like wisdom: what you feel is information, not noise. This reading asks you to integrate the two — to let what you feel inform what you know, and to let what you know give shape to what you feel. That integration is what makes the reading of any situation accurate."
fool|high-priestess|knight-swords,"Sense, Then Strike","The Fool in the Embrace position asks you to move with the freshness of someone who hasn't already decided this is the same as last time. The High Priestess in Release asks you to pause the charge for one moment — not to hesitate, but to let your inner knowing catch up with your momentum. Knight of Swords arrives as today's message: yes, move; yes, with force and clarity — but let the High Priestess's knowing aim the sword. This reading is about the marriage of intuition and action. You are capable of both. Lead with one, let the other follow."
fool|high-priestess|king-pents,"Ground What You Know","The Fool in the Embrace position asks you to bring the fresh perspective to the material world — to see the practical situation as if you haven't already accepted its limitations. The High Priestess in Release asks you to stop sitting on what you know about the resources and the way forward. King of Pentacles arrives as today's message as the capacity to build something stable from clear knowing. This reading asks you to let intuition meet groundedness — to take what you sense about the right direction and build something real and durable from it. The knowing and the building belong together."
fool|high-priestess|two-wands,"Vision from the Tower","The Fool in the Embrace position asks you to let the vision be genuine — unfiltered, uncompromised by what you've been told is realistic. The High Priestess in Release asks you to stop waiting for permission to act on what you already see as possible. Two of Wands arrives as today's message: stand at the edge of what you've built and look at what's ahead. The world is wider than your current position. This reading asks you to combine inner knowing with outer vision — to let what you sense internally guide the direction you choose to face. You can see the next horizon. Trust what you see."
fool|high-priestess|six-cups,"Simple and True","The Fool in the Embrace position asks you to let the simple thing be enough — to need less than you've been telling yourself you need. The High Priestess in Release asks you to stop overcomplicating what you already know. Six of Cups arrives as today's message with its uncomplicated warmth: something good and genuine is available right now, something that doesn't require interpretation. This reading asks you to receive the simple thing without analyzing it into something else. The knowing and the warmth are pointing in the same direction. Follow them together."
fool|empress|emperor,"Wild Then Ordered","The Fool in the Embrace position asks you to let the new beginning be genuinely wild — to resist the temptation to impose structure before the thing has found its own shape. The Empress in Release asks you to stop trying to grow everything at once. Not all seeds are ready. The Emperor arrives as today's message: once the thing has taken its natural form, the time for structure has come. This reading is about sequencing — the wild first, then the ordered. You cannot build what hasn't yet grown. Let the Empress work before the Emperor begins."
fool|empress|hierophant,"Grown, Not Inherited","The Fool in the Embrace position asks you to approach the inherited frameworks as if you've never accepted them — to be willing to start from scratch about what you actually believe. The Empress in Release asks you to stop trying to cultivate everyone else's garden at the expense of your own. The Hierophant arrives as today's message with a question worth sitting with: which of what you've been taught have you actually grown into, and which are you carrying because they were given to you? This reading asks you to tell the difference — and to tend what is genuinely yours with the care it deserves."
fool|empress|lovers,"What You Actually Want","The Fool in the Embrace position asks you to let the desire be clean — unmediated by what you've decided you should want or what you've been told is available to you. The Empress in Release asks you to stop nourishing the version of this that doesn't fit you anymore. The Lovers arrives as today's message: there is a choice available, and it requires knowing what you actually want rather than what you can defend. This reading asks you to locate your desire without apology and let it inform the decision. Not what looks right. What is right for you."
fool|empress|chariot,"Growth in Motion","The Fool in the Embrace position asks you to let the beginning be generative — to trust that the forward motion is exactly the right condition for something to grow. The Empress in Release asks you to stop waiting for things to be fully developed before you move. The Chariot arrives as today's message: you don't need the fruit before you travel. Something grows in motion. This reading asks you to stop treating movement and cultivation as opposites — you can be in motion and tending something at the same time. The road and the garden are not in conflict."
fool|empress|strength,"Tend With Strength","The Fool in the Embrace position asks you to approach what you're growing with beginner's care — as if this is the first time something has needed your tending. The Empress in Release asks you to stop sacrificing your own growth for everything around you. Strength arrives as today's message: the most durable kind of nurturing comes from the same quiet power that doesn't exhaust itself. This reading asks you to tend what matters with the kind of strength that doesn't deplete — not force, not self-sacrifice, but steady, patient presence. You can care for what you're growing without being consumed by it."
fool|empress|hermit,"Grow in Solitude","The Fool in the Embrace position asks you to let this beginning take place away from the audience — to give it the privacy it needs to become itself. The Empress in Release asks you to stop trying to share the growth before it's ready. Not everything needs to be witnessed to be real. The Hermit arrives as today's message: some of the most important cultivation happens in solitude. This reading asks you to give the new thing in you the quiet it needs to take root before you bring it into the world. Let it grow in the dark for a while. The right time to share it will announce itself."
fool|empress|wheel,"Trust the Season","The Fool in the Embrace position asks you to meet the turn with openness — to receive what the new season is bringing without comparing it to the last one. The Empress in Release asks you to stop trying to force growth out of season. The wheel has moved. Wheel of Fortune arrives as today's message: cycles govern everything that grows, and something in your life is following the same law. This reading asks you to trust the season you're in — to stop trying to harvest what hasn't ripened and stop trying to plant in ground that needs to rest. What season is this, really? Tend accordingly."
fool|empress|justice,"What's Yours to Tend","The Fool in the Embrace position asks you to approach the situation with fresh eyes — to see it as it is rather than as you've decided it must be. The Empress in Release asks you to stop nurturing situations that are not yours to sustain. Justice arrives as today's message with clarity: what belongs to you and what belongs to someone else is visible if you're willing to look. This reading asks you to be honest about the difference and to stop over-extending your care into territory where it isn't wanted or effective. Tend what is yours. Let the rest find its own tending."
fool|empress|hanged-man,"Growth Requires Waiting","The Fool in the Embrace position asks you to let the new beginning be slow — to resist the urgency that wants to rush what actually needs time. The Empress in Release asks you to stop forcing growth. Some things don't grow faster when you push. The Hanged Man arrives as today's message: the pause is not failure, it's germination. Something that looked like suspension is actually the necessary phase before breakthrough. This reading asks you to trust the waiting the way a seed trusts winter. The growth is happening whether or not you can see it. Stop trying to dig it up to check."
fool|empress|death,"Ending and Blooming","The Fool in the Embrace position asks you to meet the new season with genuine openness — to let what died actually die so the new thing has the room it needs. The Empress in Release asks you to stop trying to reseed what has already gone fallow. Some land needs to rest. Death arrives as today's message not as absence but as completion: what has ended was taking up resources that are needed elsewhere. This reading asks you to trust the composting. What ends enriches the ground for what comes next. The new growth is real. Give it the space the old thing was using."
fool|empress|temperance,"Slow and Right","The Fool in the Embrace position asks you to approach the new beginning without rushing to make it productive. The Empress in Release asks you to stop trying to accelerate growth. Temperance arrives as today's message with its quiet expertise: the right combination at the right pace produces something the forced version never could. This reading asks you to trust the slow work — the patient tending that doesn't have a dramatic moment but results in something genuinely whole. The alchemy you're in the middle of doesn't announce itself. It just, eventually, becomes something real."
fool|empress|devil,"What You're Feeding","The Fool in the Embrace position asks you to notice what you're approaching with fresh energy and what is subtly pulling that energy toward it without your full awareness. The Empress in Release asks you to stop feeding what doesn't deserve your abundance. The Devil arrives as today's message with a quiet audit: what are you tending that has become an attachment rather than a relationship? This reading asks you to look at where your generative energy is actually going. You have real abundance. The question is whether you're directing it or whether something else has taken over its direction."
fool|empress|tower,"What Cleared Is Fertile","The Fool in the Embrace position asks you to see the disruption as terrain — as land that has been cleared and is now available. The Empress in Release asks you to stop trying to replant the old garden in the new space. The Tower arrives as today's message: what fell created the clearing, and the clearing is rich. This reading asks you to resist the urge to immediately rebuild what was there before, and instead to notice what wants to grow in the newly open space. The most unexpected things grow in the aftermath of real change. Let the ground tell you what it wants."
fool|empress|star,"Something Is Blooming","The Fool in the Embrace position asks you to let the beginning be tender — to treat the new thing with the care it needs before it's robust enough to withstand scrutiny. The Empress in Release asks you to stop comparing the growth to what you expected. The Star arrives as today's message: something is blooming, quietly and on its own schedule, and it is worth believing in. This reading asks you to tend it without demanding that it be bigger or faster. Hope and cultivation belong together. What you're growing is real. Give it what it needs."
fool|empress|moon,"Growing in the Dark","The Fool in the Embrace position asks you to trust the new thing even when you can't fully see it — to believe in the growth that's happening below the surface. The Empress in Release asks you to stop treating the uncertainty as a sign that nothing is happening. The Moon arrives as today's message: things grow in the dark, and the dark is not the absence of growth — it's the condition for a particular kind of it. This reading asks you to keep tending what you can't fully see yet. The conditions are right. The growth is real. The light will show it when it's ready."
fool|empress|sun,"Abundance Is Here","The Fool in the Embrace position asks you to receive the warmth without the waiting — to let the abundance that's available today be enough, without saving it for when you've earned it. The Empress in Release asks you to stop withholding your generative energy out of fear that it won't be enough. The Sun arrives as today's message: warmth, visibility, genuine goodness. This reading doesn't hedge. Something is flourishing right now, and you are part of it. Let yourself know that fully, without bracing for when it ends. The growing is good. The sun is here. That's today's message, complete."
fool|empress|judgement,"The Call to Create","The Fool in the Embrace position asks you to let the beginning be the answer to something — to recognize that this new energy is rising in response to a call. The Empress in Release asks you to stop hoarding your creative and generative power for later. Judgement arrives as today's message: the call has been sounding for a while, and the answer is creative action. Not the completion of the thing — the beginning of it. This reading asks you to respond to what's calling you with the same abundance and willingness you would bring to anything you were tending. Create it. Begin."
fool|empress|world,"From Seed to Arrival","The Fool in the Embrace position asks you to honor the beginning — the seed moment before the thing has grown into what it will become. The Empress in Release asks you to stop rushing the ripening. The World arrives as today's message as a completion that is genuinely whole — something that has grown from seed all the way to fruit. This reading asks you to hold both: the beginning that is present in you now and the completion this cycle is showing you is possible. The arc is real. The growth is real. Trust the whole of it, from the first open moment to the full arrival."
fool|empress|ace-cups,"New and Tender","The Fool in the Embrace position asks you to approach what is new in your emotional life with care — to let it be fragile without deciding that fragile means wrong. The Empress in Release asks you to stop trying to make the new feeling productive before it's had time to simply be. Ace of Cups arrives as today's message: an emotional beginning, new and tender, being offered to you. This reading asks you to receive it with the same gentleness the Empress gives everything that is just beginning to grow. Not all beginnings look like strength. Some of them look like this — small, new, requiring care."
fool|empress|five-pents,"From Lack to Abundance","The Fool in the Embrace position asks you to approach the resources available to you with fresh eyes — to see the abundance that may be present alongside the lack. The Empress in Release asks you to stop organizing your identity around scarcity. What you've endured is real. What's available now may also be real. Five of Pentacles arrives as today's message with honest acknowledgment: the hardship has been genuine, and so is the ground you're standing on. This reading asks you to stop walking past the shelter in the story. Something is already growing. You're allowed to tend it."
fool|empress|ten-wands,"What Is Worth Growing","The Fool in the Embrace position asks you to be selective with what you begin — not everything that needs tending is yours to tend. The Empress in Release asks you to stop generating more than you can actually sustain. Ten of Wands arrives as today's message: the abundance of what you're carrying has become its own burden. This reading asks you to make a clear distinction between what you've chosen to grow and what you've simply accumulated. You have the generative capacity for beautiful things. Point it at fewer. Give them more. Let the rest go to seed."
fool|empress|three-swords,"Grow Through the Grief","The Fool in the Embrace position asks you to let the new thing begin even inside the grief — to allow the fresh energy to coexist with the sorrow rather than waiting for one to end before the other begins. The Empress in Release asks you to stop withholding your generative power from yourself while you're hurting. Three of Swords arrives as today's message: the heart breaks and it also grows; these are not sequential but simultaneous. This reading asks you to tend both — to let what hurts be real and to let what is growing be real in the same moment. You don't have to choose between grief and growth."
fool|empress|page-wands,"The First Spark of Something Real","The Fool in the Embrace position asks you to let the creative spark be enough to begin — to resist the voice that says it needs to be more developed, more certain, more proven before it's worth pursuing. The Empress in Release asks you to stop trying to plan the growth before the seed has been planted. Page of Wands arrives as today's message as the first real ignition — the creative energy that precedes everything. This reading asks you to plant what you're holding without knowing what it will become. Something wants to grow. Your only task right now is to put it in the ground."
fool|empress|queen-cups,"Tend and Feel","The Fool in the Embrace position asks you to approach what is growing in you emotionally with the same care you'd give anything tender and new. The Empress in Release asks you to stop generating emotional support for everyone else at the cost of your own inner life. Queen of Cups arrives as today's message: the deep emotional intelligence you carry is also for you. This reading asks you to direct some of the tending inward — to apply the same generative care to your own feeling life that you so readily offer others. What would grow in you if you watered it?"
fool|empress|knight-swords,"Plant Before You Charge","The Fool in the Embrace position asks you to let the new beginning precede the action — to plant the seed before you ride. The Empress in Release asks you to stop scattering your generative energy across too many directions at once. Knight of Swords arrives as today's message: there's a clear direction, a real urgency, a moment that needs action. But this reading asks you to tend the thing first — to make sure what you're rushing toward has roots before you arrive at it. Speed is a real asset. Use it in service of something that has been properly planted."
fool|empress|king-pents,"From Growth to Stability","The Fool in the Embrace position asks you to approach the material world with genuine freshness — to see the possibilities without the filter of what's been true before. The Empress in Release asks you to stop over-cultivating what is already stable. King of Pentacles arrives as today's message: what has been growing has reached a point of genuine solidity. This reading asks you to recognize the transition from cultivation to stewardship — from growing the thing to responsibly managing what the growth has produced. Something you've been tending has arrived. Now care for it differently."
fool|empress|two-wands,"Grow Toward the Horizon","The Fool in the Embrace position asks you to let the vision be wide — to resist the urge to make the new beginning small enough to be safe. The Empress in Release asks you to stop over-cultivating the current position when the horizon is calling. Two of Wands arrives as today's message: the world is wider than what you're currently tending, and you have the vision to see it. This reading asks you to let the growth point outward — to tend what is here and also keep one eye on what you're growing toward. The abundance you're building is for a destination. Keep the destination in sight."
fool|empress|six-cups,"Grow Into Joy","The Fool in the Embrace position asks you to let the beginning be warm and uncomplicated — to resist the urge to make the new thing serious before it needs to be. The Empress in Release asks you to stop producing at the cost of enjoying what's already here. Six of Cups arrives as today's message: the simple good is available, the uncomplicated warmth, the joy that doesn't require justification. This reading asks you to let the cultivation include pleasure — to remember that the point of growing things is to enjoy them. Something lovely is here. Tend it, and let it delight you."
fool|emperor|hierophant,"Build What You Believe","The Fool in the Embrace position asks you to approach the institutional and the established as if you're encountering them for the first time — to test what's actually worth building rather than defaulting to what's already in place. The Emperor in Release asks you to stop building structure for the sake of control. The Hierophant arrives as today's message: among all the rules and frameworks available to you, there is wisdom worth keeping — but only what you've actually examined and chosen. This reading asks you to build on what you truly believe rather than what you've inherited by default. The foundation should be yours."
fool|emperor|lovers,"Structure or Desire","The Fool in the Embrace position asks you to stay in the openness before the choice hardens into obligation or avoidance. The Emperor in Release asks you to stop using structure as a way to avoid facing what you actually want. The Lovers arrives as today's message: there is a real choice here, between what you've built and what you desire, and it will not be resolved by adding more systems. This reading asks you to feel your way toward what is true rather than think your way toward what is defensible. The structure is not the answer. What you want is."
fool|emperor|chariot,"Order in Motion","The Fool in the Embrace position asks you to stay open to the new direction before committing to the route. The Emperor in Release asks you to stop using preparation and planning as a way to delay action. The Chariot arrives as today's message: the movement is the point, and you have what you need to move with intention. This reading asks you to let structure serve the momentum rather than the other way around. A plan that keeps you stationary is not serving you. A plan that lets you move — even imperfectly — is. Go."
fool|emperor|strength,"Lead Without Force","The Fool in the Embrace position asks you to approach what you're building without the hardness that comes from believing only force creates results. The Emperor in Release asks you to stop using structure as a substitute for presence. Strength arrives as today's message: the most durable kind of authority comes not from control but from the quality of attention you bring. This reading asks you to lead with presence rather than power — to let the strength be in how you show up rather than in what you're imposing. That kind of authority lasts. The other kind doesn't."
fool|emperor|hermit,"Build Then Listen","The Fool in the Embrace position asks you to let the new beginning be unscheduled — to resist the urge to immediately systematize it. The Emperor in Release asks you to stop organizing your inner life as if it were a project to be managed. The Hermit arrives as today's message: the work of going inward is not compatible with the Emperor's constant activity. This reading asks you to put the building down for a moment and take the lantern. What do you know when you stop constructing? What does the quiet tell you about whether what you're building is actually what you want to build?"
fool|emperor|wheel,"Plans and Cycles","The Fool in the Embrace position asks you to let this new beginning ride the current of the wheel rather than trying to move independently of it. The Emperor in Release asks you to stop imposing a fixed structure on what is inherently cyclical. Wheel of Fortune arrives as today's message: the turn is happening whether or not your plans account for it. This reading asks you to build in flexibility — to hold what you're creating with enough looseness that the wheel's turning doesn't shatter it. The most durable structures are the ones that know how to bend with the cycle."
fool|emperor|justice,"Blueprint and Truth","The Fool in the Embrace position asks you to look at what you're beginning without the story you've already told about it. The Emperor in Release asks you to stop building defensively — constructing walls instead of structures that actually serve. Justice arrives as today's message with its clear gaze: what are you actually building here, and does it align with what you say you value? This reading asks you to hold the blueprint up to the light. Not to tear it down — but to make sure the architecture matches the intention. Build what you believe in, and build it straight."
fool|emperor|hanged-man,"When the Building Stops","The Fool in the Embrace position asks you to approach the suspension as an invitation — as if not-building were itself a kind of beginning. The Emperor in Release asks you to stop treating the pause as a failure of discipline. The Hanged Man arrives as today's message: the halt in construction is purposeful. Something about the plan needs to be seen from a different angle before you can build what you actually mean to build. This reading asks you to let the blueprint wait. The perspective you'll gain from the pause will make what you build next incomparably better."
fool|emperor|death,"End the Blueprint","The Fool in the Embrace position asks you to approach what's ending without immediately drafting the replacement. The Emperor in Release asks you to stop trying to maintain structure that has already collapsed. Death arrives as today's message: the design has run its course. What you've been building — or planning, or maintaining — has completed itself. This reading asks you to let the blueprint go before you draft the new one. The instinct to immediately build what comes next is real and understandable. But the clearing needs to happen first. What comes after doesn't need a plan — not yet."
fool|emperor|temperance,"The Right Architecture","The Fool in the Embrace position asks you to approach what you're building with genuine curiosity about what it wants to be — before the architectural decisions lock it in. The Emperor in Release asks you to stop imposing the same structure on every new beginning. Temperance arrives as today's message: the right architecture for this particular thing requires patience and adjustment rather than a predetermined blueprint. This reading asks you to build the way a craftsperson works — testing, adjusting, refining — rather than the way a machine produces output. What you're making deserves that care."
fool|emperor|devil,"Who Authorized the Walls","The Fool in the Embrace position asks you to look at the structure you're inside of as if you'd never agreed to it — to ask who built it and whether you actually chose it. The Emperor in Release asks you to stop reinforcing structures that are serving containment rather than purpose. The Devil arrives as today's message: some of what you've built was built out of fear, not vision. The walls that look like protection may be functioning as a cage. This reading asks you to examine the architecture with honest eyes. You are capable of building differently. But first you have to see what you've built."
fool|emperor|tower,"Let It Fall, Then Build True","The Fool in the Embrace position asks you to receive the disruption as the beginning of something more honest — as the moment when the pretending becomes impossible. The Emperor in Release asks you to stop trying to shore up what is already falling. The Tower arrives as today's message: the structure has already failed. Continuing to reinforce it is not discipline — it's denial. This reading asks you to stop building the old thing and let the fall complete itself. What you build next will be built on actual ground rather than on what you thought was ground. That is a significant upgrade."
fool|emperor|star,"Begin With Hope","The Fool in the Embrace position asks you to let the new beginning carry hope as a structural element — not as decoration but as load-bearing. The Emperor in Release asks you to stop building so defensively that hope has no room in the design. The Star arrives as today's message: the framework you're capable of building can be made for flourishing rather than just survival. This reading asks you to build toward what you're hoping for rather than against what you're afraid of. Those are different architectures. One of them makes a structure worth living in."
